,Gender,Married,Dependents,Education,Self_Employed,LoanAmount,Loan_Amount_Term,Credit_History,Property_Area,Loan_Status,total_income,LoanRatio
0,Male,Yes,1,Graduate,No,4.852030263919617,360.0,1.0,Rural,N,8.714567550836485,0.5567723510794159
1,Male,Yes,0,Graduate,Yes,4.189654742026425,360.0,1.0,Urban,Y,8.006367567650246,0.5232903319296429
2,Male,Yes,0,Not Graduate,No,4.787491742782046,360.0,1.0,Urban,Y,8.50532301884575,0.5628818249670372
3,Male,No,0,Graduate,No,4.948759890378168,360.0,1.0,Urban,Y,8.699514748210191,0.5688547043840934
4,Male,Yes,2,Graduate,Yes,5.58724865840025,360.0,1.0,Urban,Y,9.170871628065816,0.6092385636825918
5,Male,Yes,0,Not Graduate,No,4.553876891600541,360.0,1.0,Urban,Y,8.255568653283746,0.551612745633117
6,Male,Yes,3+,Graduate,No,5.062595033026967,360.0,0.0,Semiurban,N,8.61974977974133,0.587325057268529
7,Male,Yes,2,Graduate,No,5.123963979403259,360.0,1.0,Urban,Y,8.61830469278465,0.5945443056443693
8,Male,Yes,1,Graduate,No,5.855071922202427,360.0,1.0,Semiurban,N,10.077818939438902,0.5809860206248573
9,Male,Yes,2,Graduate,No,4.248495242049359,360.0,1.0,Urban,Y,8.268731832117737,0.5138025187305247
10,Male,Yes,2,Graduate,No,4.6913478822291435,360.0,1.0,Urban,Y,8.375629627094451,0.5601188317894372
11,Male,Yes,2,Graduate,No,5.298317366548036,360.0,1.0,Urban,Y,9.321792297270326,0.5683796846771116
12,Male,No,0,Graduate,No,4.736198448394496,360.0,1.0,Rural,N,8.453827315794417,0.5602431030908075
13,Male,Yes,2,Graduate,No,2.833213344056216,120.0,1.0,Urban,Y,7.776954403322442,0.3643088537134564
14,Male,No,0,Graduate,No,4.8283137373023015,360.0,1.0,Urban,Y,8.507142855562735,0.5675599692257567
15,Male,No,1,Not Graduate,No,4.605170185988092,240.0,1.0,Urban,Y,8.18757739559151,0.5624582173070733
16,Female,No,0,Graduate,No,4.330733340286331,360.0,0.0,Urban,N,8.163371316459912,0.5305079448676084
17,Male,Yes,0,Not Graduate,No,4.890349128221754,360.0,1.0,Rural,N,8.494333897270154,0.5757189660031351
18,Male,Yes,0,Graduate,No,4.74493212836325,360.0,1.0,Urban,Y,8.716044050161402,0.5443905630875494
19,Male,Yes,0,Not Graduate,No,4.6443908991413725,360.0,0.0,Urban,N,8.943767262734637,0.5192879871206877
20,Male,Yes,1,Graduate,No,5.752572638825633,360.0,1.0,Urban,Y,9.357034751126987,0.6147858581088178
21,Male,Yes,0,Not Graduate,No,4.7535901911063645,360.0,0.0,Semiurban,N,8.414274137408396,0.5649435843755947
22,Unknown,Yes,2,Not Graduate,No,4.718498871295094,360.0,0.0,Rural,N,8.572060092857077,0.5504509791324168
23,Male,Yes,1,Graduate,No,5.017279836814924,360.0,1.0,Semiurban,N,8.801168401936692,0.5700697461613022
24,Male,Yes,0,Graduate,Yes,5.25227342804663,360.0,1.0,Semiurban,Y,9.165343006045447,0.5730580322615573
25,Male,Yes,0,Graduate,No,4.804021044733257,360.0,1.0,Semiurban,Y,8.527539483470381,0.5633537146377662
26,Male,Yes,2,Not Graduate,No,4.700480365792417,360.0,1.0,Urban,Y,8.569026340056254,0.5485431108806182
27,Male,No,0,Not Graduate,No,3.5553480614894135,360.0,1.0,Urban,N,7.273786317844895,0.4887891816077992
28,Female,No,2,Graduate,No,4.787491742782046,360.0,1.0,Semiurban,Y,8.671286726753637,0.5521085732306756
29,Male,Yes,1,Graduate,No,5.303304908059076,360.0,1.0,Urban,N,8.927314111060596,0.5940538040986467
30,Male,No,0,Graduate,No,4.30406509320417,360.0,1.0,Urban,N,8.06054004653864,0.5339673357311119
31,Male,No,1,Graduate,Yes,4.663439094112067,360.0,1.0,Rural,N,8.453614209773367,0.5516503330280421
32,Male,Yes,0,Graduate,No,4.736198448394496,360.0,1.0,Semiurban,Y,8.550047528287184,0.5539382597260591
33,Male,No,3+,Graduate,No,5.768320995793772,360.0,1.0,Rural,N,9.648595302907339,0.5978404953989155
34,Male,Yes,0,Graduate,No,4.605170185988092,360.0,0.0,Urban,N,8.057694194815587,0.5715245670344639
35,Female,Yes,0,Graduate,No,4.969813299576001,360.0,1.0,Semiurban,Y,8.542080906924017,0.5818035855347123
36,Male,No,0,Graduate,No,5.214935757608986,360.0,1.0,Urban,Y,9.339261152043022,0.5583884712837467
37,Male,No,0,Not Graduate,No,4.700480365792417,360.0,1.0,Semiurban,Y,8.59711281459211,0.5467510392342607
38,Male,No,0,Graduate,No,4.382026634673881,360.0,1.0,Urban,N,8.1886891244442,0.535131639274596
39,Male,No,0,Graduate,No,3.8501476017100584,360.0,1.0,Urban,Y,8.0106915391303,0.4806261210911709
40,Male,Yes,0,Graduate,No,4.31748811353631,360.0,1.0,Urban,Y,7.783224016336037,0.5547171846106999
41,Male,Yes,0,Graduate,No,4.897839799950911,360.0,1.0,Semiurban,Y,8.744647438317532,0.5600957425098038
42,Male,Yes,0,Not Graduate,Yes,4.564348191467836,360.0,1.0,Urban,Y,8.454253391642363,0.5398877913903104
43,Female,No,0,Graduate,No,4.477336814478207,360.0,1.0,Urban,Y,8.134467570277563,0.550415472899283
44,Male,Yes,1,Graduate,No,3.784189633918261,360.0,1.0,Urban,Y,8.639233817325263,0.4380237546446983
45,Male,Yes,0,Graduate,No,4.969813299576001,360.0,1.0,Urban,Y,8.669227347271736,0.5732706157648564
46,Female,Yes,0,Graduate,No,4.787491742782046,360.0,0.0,Urban,N,8.713582005421628,0.5494286666267957
47,Female,No,0,Graduate,No,4.969813299576001,360.0,1.0,Semiurban,Y,8.744328763999984,0.5683470319684802
48,Female,Yes,0,Not Graduate,No,4.605170185988092,360.0,1.0,Semiurban,Y,8.18088094199639,0.5629186170339605
49,Female,No,0,Graduate,No,4.787491742782046,360.0,1.0,Semiurban,Y,8.034631032923107,0.5958570746017557
50,Female,No,0,Graduate,No,4.718498871295094,360.0,1.0,Semiurban,N,8.349957272040324,0.5650925768320875
51,Male,Yes,2,Graduate,No,4.897839799950911,360.0,1.0,Urban,N,8.437283808187935,0.5804995910174099
52,Female,Yes,1,Graduate,Yes,5.655991810819852,360.0,0.0,Urban,N,9.350102314351341,0.6049122908675074
53,Male,Yes,2,Graduate,No,4.574710978503383,360.0,1.0,Semiurban,Y,8.262300941787448,0.5536848646321154
54,Male,Yes,0,Graduate,No,4.564348191467836,360.0,1.0,Semiurban,Y,8.222285073872717,0.5551191852945591
55,Male,Yes,0,Graduate,No,4.90527477843843,360.0,1.0,Rural,N,8.624431942085836,0.5687649704210059
56,Male,Yes,1,Graduate,No,5.19295685089021,360.0,1.0,Urban,Y,9.242807562113684,0.5618376035628143
57,Male,Yes,2,Not Graduate,No,4.969813299576001,360.0,1.0,Urban,Y,8.734881892047483,0.5689617056071106
58,Male,Yes,0,Graduate,No,4.787491742782046,360.0,1.0,Urban,Y,8.74766979009724,0.5472876614754828
59,Male,Yes,3+,Graduate,No,4.59511985013459,360.0,1.0,Urban,Y,8.015987811027237,0.5732443659424342
60,Male,Yes,0,Not Graduate,Yes,5.10594547390058,180.0,0.0,Rural,N,8.709134991587183,0.586274696491994
61,Female,No,0,Graduate,No,4.7535901911063645,360.0,0.0,Semiurban,N,8.334711621820917,0.5703364923461898
62,Male,Yes,0,Graduate,No,5.552959584921617,360.0,1.0,Semiurban,N,9.241935933565934,0.6008437652931282
63,Male,No,0,Not Graduate,No,4.836281906951478,180.0,0.0,Urban,N,8.604104563405533,0.5620900898300173
64,Male,Yes,1,Graduate,No,5.7430031878094825,360.0,1.0,Urban,Y,9.28266103355581,0.6186806958747229
65,Male,Yes,3+,Not Graduate,Yes,4.8283137373023015,60.0,1.0,Urban,Y,8.867850063029406,0.5444739934690402
66,Female,No,0,Graduate,No,4.912654885736052,360.0,0.0,Semiurban,N,8.366370301681654,0.587190706195326
67,Male,Yes,0,Graduate,No,5.147494476813453,360.0,1.0,Urban,Y,8.744169388750624,0.5886773514972966
68,Male,Yes,2,Not Graduate,Yes,4.574710978503383,360.0,1.0,Semiurban,Y,8.229511118964457,0.5558909772855416
69,Male,No,0,Graduate,No,4.394449154672439,300.0,1.0,Semiurban,Y,8.160518247477505,0.5385012350203133
70,Male,Yes,3+,Not Graduate,No,4.553876891600541,360.0,0.0,Semiurban,N,8.46695197497949,0.5378413512982718
71,Male,Yes,3+,Graduate,Yes,5.231108616854587,360.0,1.0,Semiurban,Y,8.859363449152088,0.5904610017275277
72,Male,No,0,Graduate,No,4.727387818712341,480.0,1.0,Urban,N,8.229511118964457,0.5744433357430352
73,Male,No,0,Graduate,No,5.170483995038151,360.0,1.0,Urban,N,9.047821442478408,0.5714617632442839
74,Male,Yes,1,Graduate,Yes,4.700480365792417,360.0,1.0,Urban,N,8.299534570332597,0.5663546944662041
75,Male,Yes,3+,Graduate,No,5.19295685089021,300.0,0.0,Semiurban,N,8.877242435993919,0.5849740939635376
76,Male,Yes,3+,Not Graduate,Yes,4.867534450455582,360.0,1.0,Semiurban,Y,8.612321536507814,0.5651826200197009
77,Female,No,0,Graduate,No,4.709530201312334,360.0,1.0,Semiurban,Y,8.254788926148725,0.570520971940777
78,Female,Yes,2,Graduate,No,5.117993812416755,360.0,1.0,Urban,N,8.089175678837561,0.6326965831396342
79,Male,Yes,0,Graduate,No,5.579729825986222,360.0,1.0,Semiurban,N,9.017968479328726,0.6187346783010227
80,Male,Yes,1,Graduate,No,3.912023005428146,240.0,1.0,Urban,Y,8.291045131081729,0.4718371379698118
81,Male,No,0,Graduate,No,4.912654885736052,360.0,1.0,Semiurban,Y,8.496378051702317,0.5782057784907255
82,Male,Yes,2,Not Graduate,No,4.59511985013459,360.0,1.0,Semiurban,Y,8.581669210600602,0.5354575825945863
83,Male,Yes,0,Graduate,No,4.6443908991413725,360.0,1.0,Semiurban,Y,8.43771698991444,0.5504321731450331
84,Male,No,0,Graduate,No,5.3471075307174685,360.0,1.0,Urban,Y,9.055556158175316,0.5904780929319425
85,Male,Yes,0,Graduate,No,5.1647859739235145,360.0,1.0,Semiurban,Y,9.196444266784072,0.5616068367399134
86,Male,Yes,0,Graduate,No,4.875197323201151,360.0,1.0,Semiurban,Y,8.675563527387679,0.5619458964032431
87,Male,Yes,2,Graduate,No,5.236441962829949,180.0,1.0,Semiurban,Y,9.384629757072872,0.5579806660868452
88,Male,Yes,2,Not Graduate,No,4.394449154672439,360.0,1.0,Urban,Y,8.535622326884605,0.5148364098574588
89,Male,No,0,Graduate,No,4.804021044733257,360.0,1.0,Semiurban,Y,8.326758814511733,0.5769376958968586
90,Male,No,0,Not Graduate,No,3.2188758248682006,120.0,1.0,Semiurban,Y,8.194229304819817,0.39282227835323924
91,Female,Yes,0,Graduate,No,4.919980925828125,360.0,1.0,Semiurban,Y,8.47345026846832,0.580634897231476
92,Male,Yes,0,Graduate,No,3.912023005428146,360.0,1.0,Semiurban,Y,7.9976631270201,0.4891457596171285
93,Male,Yes,0,Not Graduate,No,4.74493212836325,180.0,1.0,Semiurban,Y,8.339978571990427,0.568938167814839
94,Male,Yes,0,Graduate,No,4.875197323201151,360.0,1.0,Semiurban,Y,8.575462099540212,0.568505494702442
95,Male,Yes,2,Not Graduate,No,4.890349128221754,180.0,1.0,Urban,Y,8.929435283803425,0.5476661146861178
96,Male,No,0,Graduate,No,5.017279836814924,360.0,1.0,Semiurban,Y,9.065198986306513,0.5534660457419418
97,Male,Unknown,0,Graduate,No,5.075173815233827,360.0,1.0,Urban,Y,8.42726848388825,0.6022323633021593
98,Male,Yes,1,Graduate,No,4.605170185988092,360.0,1.0,Urban,Y,8.31434234336979,0.5538826759593861
99,Male,Yes,2,Graduate,No,5.41610040220442,360.0,1.0,Urban,Y,9.436918020024674,0.5739268255495833
100,Male,No,0,Not Graduate,No,4.787491742782046,360.0,1.0,Rural,N,8.9001399880938,0.5379119597204688
101,Male,Yes,2,Graduate,No,5.375278407684165,360.0,0.0,Urban,N,8.909235279192261,0.6033377993999396
102,Male,Yes,3+,Not Graduate,No,4.543294782270004,480.0,1.0,Semiurban,Y,7.946263643580541,0.57175233368205
103,Male,No,0,Graduate,No,4.912654885736052,360.0,1.0,Urban,Y,8.578476419833136,0.5726721908774112
104,Female,Yes,0,Graduate,No,4.9344739331306915,360.0,1.0,Semiurban,Y,8.568266461600238,0.5759010828205631
105,Male,Yes,0,Not Graduate,No,5.0238805208462765,360.0,0.0,Rural,N,8.94715577112479,0.5615058739739255
106,Male,No,0,Graduate,No,4.770684624465665,360.0,1.0,Semiurban,Y,8.527143522269405,0.5594704266448186
107,Male,Yes,1,Graduate,No,5.220355825078324,180.0,1.0,Rural,Y,9.587611745713565,0.5444896981161387
108,Female,Yes,0,Graduate,No,5.0369526024136295,360.0,1.0,Semiurban,Y,8.60337088765729,0.585462682963003
109,Male,Yes,1,Graduate,No,4.442651256490317,360.0,1.0,Urban,Y,8.192016914536875,0.5423147074570556
110,Male,Yes,0,Graduate,No,5.1647859739235145,360.0,1.0,Rural,N,8.950273466557375,0.577053426716144
111,Female,No,0,Graduate,No,5.556828061699537,360.0,1.0,Urban,Y,9.250330020192342,0.6007167365455783
112,Male,Yes,0,Graduate,No,5.19295685089021,360.0,1.0,Rural,Y,9.0280988119824,0.5751993812914344
113,Female,No,0,Graduate,No,3.784189633918261,360.0,1.0,Semiurban,Y,8.334711621820917,0.4540276623381859
114,Female,No,0,Graduate,No,4.919980925828125,360.0,0.0,Semiurban,Y,9.316230747233615,0.5281085300821984
115,Male,Yes,2,Graduate,No,4.394449154672439,360.0,1.0,Semiurban,Y,7.9919305198524775,0.5498607806657403
116,Male,Yes,0,Not Graduate,No,5.267858159063328,360.0,1.0,Rural,Y,8.750524669117937,0.6020048349391528
117,Female,No,0,Graduate,No,4.532599493153256,360.0,1.0,Rural,Y,8.213923595622743,0.5518190473026447
118,Unknown,Yes,3+,Graduate,No,5.91350300563827,360.0,1.0,Rural,Y,10.077566902136047,0.586798684946943
119,Male,Yes,1,Graduate,Yes,5.075173815233827,180.0,0.0,Urban,N,9.572410734431823,0.5301876356995944
120,Male,Yes,0,Graduate,No,5.204006687076795,360.0,1.0,Rural,N,9.065198986306513,0.5740642532985472
121,Male,No,0,Graduate,Yes,6.476972362889683,480.0,1.0,Urban,Y,9.91175329695316,0.6534638392261722
122,Male,No,0,Graduate,No,4.30406509320417,360.0,1.0,Urban,Y,8.279697133877628,0.5198336392756976
123,Male,No,0,Graduate,No,4.248495242049359,360.0,1.0,Semiurban,Y,7.907651594711089,0.5372638375837019
124,Male,Yes,0,Graduate,Yes,3.2188758248682006,120.0,1.0,Semiurban,Y,8.148734808937169,0.3950154104092185
125,Male,No,0,Graduate,No,4.624972813284271,360.0,1.0,Semiurban,Y,8.49596955496461,0.5443725737672487
126,Male,Yes,3+,Graduate,No,5.66988092298052,360.0,1.0,Semiurban,N,9.371608519572305,0.605006164218144
127,Female,Yes,0,Graduate,No,4.430816798843313,360.0,1.0,Rural,N,8.430109084509125,0.5255942425448833
128,Male,Yes,2,Graduate,Yes,4.477336814478207,360.0,1.0,Urban,Y,8.827028068509152,0.5072303814747482
129,Male,No,0,Graduate,No,5.488937726156687,360.0,0.0,Semiurban,N,9.61573881119536,0.5708284962738439
130,Male,Yes,2,Not Graduate,No,4.859812404361672,360.0,1.0,Rural,N,8.635864721133736,0.562747629947087
131,Male,Yes,2,Graduate,No,5.220355825078324,360.0,1.0,Rural,N,8.871365005136852,0.5884501226198611
132,Male,No,0,Graduate,No,5.123963979403259,360.0,1.0,Urban,Y,8.597297435657898,0.5959970581163397
133,Male,No,0,Graduate,Yes,5.1647859739235145,180.0,1.0,Semiurban,Y,8.846496938558838,0.5838227277751026
134,Male,Yes,0,Graduate,No,4.804021044733257,360.0,1.0,Semiurban,Y,8.462103225098277,0.5677100499654404
135,Male,Yes,2,Graduate,No,5.231108616854587,180.0,1.0,Urban,Y,9.372204086867741,0.5581513770260695
136,Female,Yes,0,Graduate,No,4.605170185988092,360.0,1.0,Semiurban,Y,8.827028068509152,0.5217124212414435
137,Female,Yes,2,Graduate,No,4.248495242049359,360.0,1.0,Urban,Y,9.60683200528524,0.4422368622363784
138,Male,Yes,1,Graduate,No,3.4011973816621555,360.0,1.0,Urban,Y,7.993957547573565,0.4254710337678154
139,Female,No,0,Graduate,No,5.41610040220442,360.0,1.0,Rural,N,9.364433907313582,0.5783692272070465
140,Male,Yes,0,Graduate,No,4.8283137373023015,360.0,1.0,Semiurban,Y,8.646465527120377,0.5584147328359644
141,Male,No,0,Graduate,No,4.770684624465665,360.0,0.0,Rural,N,8.744647438317532,0.5455548274663825
142,Male,Yes,0,Graduate,Yes,5.0238805208462765,360.0,1.0,Rural,Y,8.752581469146884,0.5739884328475671
143,Male,No,0,Graduate,No,5.497168225293202,360.0,1.0,Urban,N,9.123256265069069,0.6025445373425105
144,Male,Yes,2,Not Graduate,No,4.727387818712341,360.0,1.0,Rural,N,7.732369222284388,0.6113763689773366
145,Male,No,0,Graduate,No,3.912023005428146,360.0,1.0,Urban,Y,8.087640287778983,0.4837038822485094
146,Male,Yes,3+,Graduate,No,6.396929655216146,180.0,0.0,Semiurban,Y,10.596609732783568,0.6036770076966654
147,Male,Yes,1,Graduate,No,5.075173815233827,360.0,1.0,Rural,Y,8.699514748210191,0.5833858510646213
148,Male,Yes,1,Graduate,No,5.231108616854587,360.0,1.0,Urban,Y,9.16303909885817,0.5708923164484204
149,Male,No,0,Graduate,No,4.787491742782046,360.0,1.0,Rural,Y,8.529714471969909,0.561272215912333
150,Male,Yes,0,Graduate,No,5.541263545158426,360.0,1.0,Semiurban,Y,9.23092700558457,0.6002932903495007
151,Male,Yes,0,Not Graduate,No,4.584967478670572,360.0,1.0,Semiurban,Y,7.973844375944687,0.5750008731675775
152,Male,Yes,0,Graduate,No,5.616771097666572,360.0,1.0,Urban,N,8.978786553302003,0.6255601538496279
153,Male,Yes,1,Graduate,No,4.795790545596741,360.0,0.0,Semiurban,N,8.382289428951436,0.5721337334204482
154,Male,Yes,2,Graduate,No,5.062595033026967,360.0,1.0,Rural,Y,8.633018756921828,0.5864223367947454
155,Male,Yes,0,Graduate,No,4.31748811353631,180.0,1.0,Urban,Y,9.140239744296693,0.4723604888187235
156,Male,Yes,0,Graduate,No,5.204006687076795,360.0,1.0,Rural,Y,8.835355971121606,0.5889979650040259
157,Female,Yes,0,Graduate,No,4.718498871295094,360.0,1.0,Rural,N,8.430109084509125,0.5597197882012753
158,Male,Yes,0,Graduate,No,4.859812404361672,360.0,1.0,Rural,Y,8.660773919893762,0.5611291149395671
159,Male,No,0,Graduate,No,4.143134726391533,480.0,0.0,Semiurban,N,7.71289096149013,0.5371701411413548
160,Male,Yes,2,Graduate,No,5.298317366548036,360.0,1.0,Semiurban,Y,8.987196820661973,0.5895405956134135
161,Male,Yes,0,Not Graduate,No,4.553876891600541,360.0,1.0,Rural,Y,8.185628891147607,0.5563258427859289
162,Unknown,Yes,3+,Graduate,No,6.551080335043404,300.0,1.0,Urban,Y,10.854430887309706,0.6035397344233405
163,Male,Yes,3+,Not Graduate,No,4.394449154672439,180.0,1.0,Rural,N,8.166784289056151,0.5380880649145091
164,Male,Yes,0,Graduate,No,5.231108616854587,360.0,1.0,Semiurban,Y,9.335474102732949,0.5603473973885468
165,Male,Yes,0,Not Graduate,Yes,4.465908118654584,360.0,1.0,Semiurban,N,8.533066540572527,0.5233649705437482
166,Male,Yes,0,Graduate,No,4.7535901911063645,360.0,1.0,Rural,Y,8.605387202152153,0.5523970135727909
167,Male,Yes,2,Graduate,No,4.61512051684126,360.0,1.0,Rural,Y,8.20631072579402,0.5623867619751521
168,Male,Yes,3+,Graduate,No,6.20455776256869,360.0,0.0,Semiurban,N,9.730086093116732,0.6376673035768846
169,Male,Yes,1,Graduate,No,4.7535901911063645,360.0,1.0,Semiurban,Y,8.229511118964457,0.5776272882300355
170,Male,No,0,Not Graduate,No,4.624972813284271,480.0,0.0,Urban,N,8.238536930171769,0.5613827858616933
171,Male,Yes,1,Graduate,No,5.19295685089021,360.0,0.0,Urban,N,9.521494800613105,0.545393024901492
172,Male,No,0,Graduate,No,4.204692619390966,360.0,1.0,Rural,N,8.850660919017152,0.47507103230635217
173,Male,Yes,0,Graduate,No,4.290459441148391,180.0,1.0,Semiurban,Y,8.433811582477187,0.5087212820906053
174,Male,Yes,1,Graduate,No,5.560681631015528,360.0,1.0,Semiurban,N,10.429576102968031,0.5331646824488944
175,Female,Yes,0,Graduate,No,4.68213122712422,360.0,1.0,Semiurban,Y,8.195609567288775,0.5712974963829488
176,Male,Yes,0,Graduate,Yes,4.787491742782046,360.0,1.0,Semiurban,Y,10.689601259598334,0.4478643895611442
177,Male,Yes,1,Graduate,Yes,4.189654742026425,300.0,0.0,Rural,N,7.686162303492906,0.5450905896330702
178,Male,Yes,0,Graduate,No,4.060443010546419,360.0,1.0,Rural,Y,8.416488487294606,0.4824390856918533
179,Unknown,Yes,0,Graduate,Yes,5.123963979403259,360.0,1.0,Rural,Y,8.694502206386648,0.5893337948248942
180,Male,Yes,0,Graduate,No,5.236441962829949,180.0,1.0,Rural,Y,9.140775908590273,0.5728662440908185
181,Male,No,0,Not Graduate,No,3.871201010907891,360.0,1.0,Rural,Y,8.493924564476883,0.4557611715905682
182,Male,No,0,Graduate,No,5.099866427824199,360.0,1.0,Semiurban,N,9.392661928770137,0.5429628433876752
183,Male,Yes,0,Not Graduate,No,5.075173815233827,360.0,1.0,Urban,N,8.704999678440762,0.583018265675903
184,Male,No,0,Graduate,No,4.330733340286331,360.0,1.0,Semiurban,Y,8.257904193465674,0.5244349218429005
185,Male,No,0,Graduate,No,4.787491742782046,360.0,1.0,Rural,Y,8.340694647925071,0.5739919688791195
186,Male,Yes,1,Graduate,No,5.135798437050262,360.0,1.0,Semiurban,N,8.649623978596727,0.5937597344992873
187,Male,No,0,Graduate,No,5.231108616854587,360.0,1.0,Rural,Y,9.399554785027307,0.5565272756521722
188,Female,No,0,Not Graduate,No,4.787491742782046,360.0,1.0,Urban,Y,8.35983738064003,0.5726776161781648
189,Female,Yes,0,Graduate,No,4.727387818712341,360.0,1.0,Semiurban,Y,8.737452587550584,0.5410487520639691
190,Male,No,0,Graduate,Yes,4.418840607796598,360.0,1.0,Urban,N,9.305650551780507,0.474855635638619
191,Male,Yes,1,Not Graduate,No,4.499809670330265,360.0,1.0,Semiurban,Y,8.536995818712418,0.5270952177892648
192,Male,No,2,Graduate,No,5.111987788356544,360.0,0.0,Semiurban,Y,8.5016733797582,0.6012919527734122
193,Male,Yes,1,Not Graduate,No,4.90527477843843,360.0,1.0,Urban,Y,8.430109084509125,0.5818755996232827
194,Male,Yes,2,Not Graduate,No,4.820281565605037,360.0,1.0,Semiurban,Y,8.27308133366583,0.5826464616018895
195,Female,No,0,Not Graduate,No,4.787491742782046,360.0,1.0,Semiurban,Y,8.391176350832751,0.5705388067916043
196,Female,No,0,Graduate,No,4.382026634673881,360.0,1.0,Urban,Y,8.084562415235304,0.5420239723075155
197,Male,No,0,Not Graduate,No,4.007333185232471,360.0,1.0,Rural,Y,8.780480107033297,0.4563911239913336
198,Male,No,0,Graduate,No,4.07753744390572,360.0,1.0,Urban,Y,7.8156105320351905,0.5217170721586515
199,Male,No,0,Graduate,No,4.844187086458591,360.0,1.0,Semiurban,N,8.136810863675537,0.5953422253040289
200,Female,No,0,Graduate,No,5.365976015021851,360.0,1.0,Semiurban,N,9.210340371976184,0.5826034433372976
201,Male,Yes,3+,Graduate,No,4.852030263919617,360.0,0.0,Semiurban,N,8.451053388911692,0.5741331927077614
202,Male,Yes,1,Graduate,Yes,5.480638923341991,360.0,1.0,Urban,Y,8.960210955576986,0.6116640501561795
203,Male,Yes,3+,Not Graduate,Yes,4.867534450455582,360.0,1.0,Rural,Y,8.648747631156539,0.5628022296454359
204,Male,Yes,0,Graduate,No,4.919980925828125,360.0,1.0,Urban,Y,8.731336360533149,0.5634854417093723
205,Male,Yes,3+,Not Graduate,No,4.605170185988092,360.0,1.0,Semiurban,Y,8.483222671845084,0.5428562191668225
206,Male,Yes,0,Graduate,No,4.90527477843843,360.0,1.0,Rural,N,7.575584651557793,0.6475110508374745
207,Male,Yes,0,Graduate,No,4.875197323201151,360.0,1.0,Semiurban,Y,8.61286694148452,0.5660365307304817
208,Male,Yes,2,Graduate,No,4.276666119016055,360.0,0.0,Semiurban,N,8.517193191416238,0.5021215349824573
209,Female,Yes,2,Graduate,No,4.844187086458591,360.0,1.0,Semiurban,Y,8.804775258867686,0.5501772554137361
210,Male,Yes,0,Graduate,No,4.0943445622221,360.0,0.0,Urban,N,7.7057128238944275,0.5313388463590367
211,Male,Yes,2,Graduate,No,4.7535901911063645,360.0,1.0,Semiurban,Y,8.65277248565806,0.5493719150694675
212,Male,No,0,Graduate,No,4.969813299576001,360.0,1.0,Semiurban,Y,8.659039915644474,0.5739450733558731
213,Male,Yes,0,Graduate,No,5.1647859739235145,360.0,1.0,Semiurban,Y,9.058121158998672,0.5701829201956109
214,Male,Yes,0,Graduate,No,4.852030263919617,360.0,1.0,Semiurban,Y,8.740336742730447,0.5551308155209431
215,Male,Yes,0,Graduate,No,5.135798437050262,360.0,1.0,Rural,N,8.086410275323782,0.6351147495845582
216,Male,Yes,0,Not Graduate,Yes,4.927253685157205,360.0,1.0,Urban,N,8.462737005620179,0.5822293286303204
217,Male,Yes,2,Graduate,No,5.3471075307174685,360.0,1.0,Semiurban,Y,8.980298078970817,0.5954265085296891
218,Male,Unknown,0,Graduate,No,5.062595033026967,480.0,1.0,Semiurban,Y,8.467582690862903,0.597879609547817
219,Male,No,0,Graduate,Yes,5.298317366548036,360.0,1.0,Rural,Y,8.764053269347762,0.6045510226505444
220,Male,Yes,1,Graduate,No,4.6443908991413725,360.0,1.0,Semiurban,Y,8.421783006611578,0.5514735888463597
221,Male,Yes,0,Graduate,No,3.7376696182833684,180.0,1.0,Rural,Y,8.22040309993373,0.45468203600788143
222,Male,No,0,Not Graduate,No,4.787491742782046,360.0,1.0,Rural,Y,8.663369301573839,0.5526131434697493
223,Female,No,0,Graduate,No,5.634789603169249,360.0,1.0,Semiurban,Y,9.027978814382207,0.6241474109567727
224,Male,Yes,1,Graduate,No,4.941642422609304,360.0,1.0,Semiurban,Y,8.503905297089302,0.581102711045091
225,Male,Yes,1,Graduate,No,5.135798437050262,360.0,1.0,Rural,Y,8.81877816903701,0.5823707478074686
226,Male,Yes,0,Graduate,No,5.541263545158426,360.0,1.0,Urban,N,8.656259239539235,0.640145285835199
227,Female,No,0,Graduate,Yes,4.804021044733257,360.0,1.0,Urban,Y,8.149890544402423,0.5894583514416394
228,Female,No,1,Graduate,No,4.718498871295094,360.0,1.0,Rural,Y,8.245909264774093,0.572222992005523
229,Male,Yes,1,Graduate,No,4.564348191467836,360.0,1.0,Semiurban,Y,8.106212902619962,0.5630678895680892
230,Male,Yes,2,Graduate,No,4.787491742782046,360.0,1.0,Rural,Y,9.289059126687574,0.5153903831904274
231,Male,Yes,1,Not Graduate,No,4.941642422609304,180.0,1.0,Urban,N,8.41027590907016,0.5875719745745716
232,Male,No,0,Graduate,No,5.043425116919247,60.0,1.0,Urban,Y,9.067162602299854,0.556229698102028
233,Male,Yes,2,Graduate,Yes,4.68213122712422,360.0,1.0,Rural,Y,8.92930284224307,0.5243557430904711
234,Male,Yes,0,Not Graduate,No,4.812184355372417,360.0,1.0,Semiurban,Y,8.96482339168508,0.5367851819407555
235,Male,No,0,Graduate,Yes,4.787491742782046,180.0,1.0,Urban,N,9.247925132303454,0.517682796334402
236,Male,Yes,2,Graduate,No,4.718498871295094,360.0,1.0,Urban,Y,9.1801903950253,0.5139870382047877
237,Male,Yes,1,Not Graduate,No,4.919980925828125,180.0,1.0,Urban,Y,8.796036315200814,0.5593406790881128
238,Male,Yes,1,Graduate,No,4.812184355372417,480.0,1.0,Semiurban,Y,8.460622839927844,0.5687742435063395
239,Male,Yes,0,Graduate,No,4.499809670330265,360.0,1.0,Urban,Y,8.209852481301272,0.5480987241340832
240,Male,Yes,0,Not Graduate,No,5.303304908059076,360.0,0.0,Semiurban,N,8.62299361030245,0.6150190000979328
241,Female,No,2,Graduate,No,4.927253685157205,360.0,1.0,Urban,N,8.139440521874608,0.6053553277913014
242,Male,No,0,Not Graduate,Yes,4.6443908991413725,360.0,1.0,Rural,Y,8.465899897028686,0.5485997892287191
243,Male,Yes,1,Not Graduate,No,5.631211781821365,180.0,1.0,Semiurban,Y,9.186252576447092,0.6130042402991833
244,Male,No,0,Graduate,Yes,5.2574953720277815,360.0,0.0,Urban,N,9.695848187757884,0.5422419235756981
245,Female,No,3+,Graduate,No,5.541263545158426,360.0,1.0,Rural,Y,8.03365842788615,0.6897559306136029
246,Male,No,0,Not Graduate,No,4.74493212836325,360.0,0.0,Rural,N,8.706986763048892,0.5449568556254167
247,Male,Yes,3+,Graduate,No,4.543294782270004,360.0,1.0,Urban,N,8.565983355585669,0.5303880002647252
248,Male,Yes,0,Graduate,No,5.717027701406222,360.0,1.0,Rural,N,9.72812174830818,0.5876805255238989
249,Male,Yes,3+,Not Graduate,No,4.852030263919617,360.0,1.0,Semiurban,N,8.503297086224126,0.5706057561813535
250,Male,Yes,1,Graduate,No,5.799092654460526,360.0,1.0,Urban,Y,9.243097936214355,0.6273970799054012
251,Male,No,0,Graduate,No,4.897839799950911,360.0,1.0,Semiurban,Y,8.359134886757962,0.5859266379000264
252,Female,No,1,Graduate,No,5.043425116919247,36.0,1.0,Semiurban,N,8.15507488781144,0.6184400739786143
253,Female,No,0,Graduate,No,4.787491742782046,360.0,1.0,Rural,Y,8.881836305004146,0.5390204883740887
254,Male,No,0,Graduate,Yes,4.852030263919617,360.0,1.0,Semiurban,Y,8.549853973655786,0.5674986121248294
255,Male,No,0,Graduate,No,5.017279836814924,360.0,1.0,Rural,Y,8.928242677818302,0.5619560329918074
256,Male,Yes,2,Graduate,No,5.0106352940962555,360.0,1.0,Semiurban,Y,8.715224041915372,0.5749290287889206
257,Male,Yes,3+,Graduate,No,5.075173815233827,360.0,0.0,Urban,Y,8.723231274827508,0.5817997546252357
258,Female,No,0,Graduate,No,4.90527477843843,360.0,1.0,Rural,N,8.136810863675537,0.602849797128335
259,Female,No,1,Graduate,No,4.499809670330265,360.0,1.0,Urban,Y,8.397508348470257,0.5358505741944251
260,Female,No,0,Graduate,No,3.4011973816621555,360.0,1.0,Urban,Y,8.082402253926244,0.4208151580193788
261,Male,Yes,0,Graduate,No,4.912654885736052,360.0,1.0,Urban,Y,9.318835968129482,0.5271747354001491
262,Male,No,0,Graduate,No,4.836281906951478,360.0,1.0,Rural,Y,8.453187861440325,0.5721252131414754
263,Male,Yes,0,Graduate,No,5.0106352940962555,360.0,1.0,Semiurban,Y,8.48528964240323,0.5905084570191677
264,Male,Yes,2,Graduate,No,4.499809670330265,360.0,1.0,Semiurban,Y,8.268731832117737,0.5441958648183419
265,Male,Yes,1,Graduate,No,4.74493212836325,360.0,1.0,Semiurban,Y,8.432070937999402,0.5627244081854268
266,Male,Yes,0,Graduate,No,5.332718793265369,360.0,1.0,Semiurban,Y,8.891098830616636,0.5997817474373437
267,Male,Yes,0,Graduate,No,4.382026634673881,360.0,1.0,Urban,Y,8.390041405755754,0.5222890356259403
268,Male,Yes,0,Graduate,No,6.077642243349034,360.0,1.0,Semiurban,Y,9.587611745713565,0.6339057530219901
269,Female,Yes,0,Not Graduate,No,4.820281565605037,360.0,1.0,Rural,Y,8.318742252692399,0.5794483612044755
270,Male,No,1,Not Graduate,Yes,5.062595033026967,360.0,0.0,Urban,N,8.776321456449958,0.5768470375827366
271,Male,Yes,0,Graduate,No,4.718498871295094,360.0,1.0,Semiurban,Y,8.461046030793236,0.557673230251027
272,Male,Yes,2,Graduate,No,4.356708826689592,180.0,1.0,Urban,Y,8.097669722345216,0.5380200694858445
273,Female,No,0,Graduate,No,3.9889840465642745,360.0,1.0,Urban,Y,8.153925132007862,0.48921028608733474
274,Male,No,0,Graduate,No,4.48863636973214,360.0,1.0,Rural,Y,8.734077192559303,0.5139222233524658
275,Female,No,0,Graduate,Yes,4.59511985013459,300.0,1.0,Semiurban,N,8.370315995555478,0.5489780615898534
276,Male,Yes,0,Graduate,No,4.787491742782046,360.0,1.0,Rural,Y,8.648922962094131,0.5535361759798666
277,Female,No,0,Graduate,No,4.74493212836325,360.0,1.0,Semiurban,Y,8.32457884513685,0.5699906525764004
278,Male,No,0,Graduate,No,5.231108616854587,360.0,1.0,Rural,Y,9.159888828480085,0.5710886578219087
279,Male,Yes,0,Graduate,No,4.9344739331306915,360.0,1.0,Rural,Y,8.610865667278873,0.5730520163473923
280,Male,Yes,2,Graduate,No,4.844187086458591,360.0,0.0,Semiurban,N,8.389359819906353,0.5774203503542973
281,Male,Yes,2,Graduate,No,4.897839799950911,360.0,1.0,Urban,Y,8.45807992692373,0.5790723003645455
282,Female,No,0,Graduate,No,4.962844630259907,480.0,0.0,Urban,N,8.597297435657898,0.5772563607810238
283,Male,Yes,0,Graduate,No,5.147494476813453,360.0,1.0,Semiurban,Y,8.651199471263972,0.5950035592071934
284,Male,Yes,3+,Graduate,No,4.700480365792417,360.0,1.0,Urban,Y,8.642238680390461,0.5438961523312206
285,Male,Yes,1,Graduate,No,5.298317366548036,360.0,1.0,Semiurban,Y,8.835646922534773,0.5996524547664988
286,Female,Yes,1,Graduate,No,4.90527477843843,360.0,1.0,Urban,Y,8.448057452581375,0.5806393725387818
287,Female,No,0,Graduate,No,5.017279836814924,480.0,1.0,Rural,N,8.928110078202646,0.561964379120309
288,Male,Yes,1,Graduate,No,4.727387818712341,360.0,1.0,Urban,N,8.504918160540624,0.555841658846937
289,Male,Yes,0,Not Graduate,No,4.532599493153256,360.0,0.0,Urban,N,8.46252579007393,0.5356083521151265
290,Male,Yes,0,Not Graduate,No,4.653960350157523,360.0,1.0,Semiurban,Y,8.439231649946526,0.5514673068829686
291,Female,No,0,Graduate,No,4.882801922586371,360.0,1.0,Rural,Y,8.517193191416238,0.5732876797378901
292,Male,Yes,1,Graduate,No,4.564348191467836,360.0,1.0,Urban,Y,8.13973227971767,0.5607491787956143
293,Male,No,0,Graduate,No,4.941642422609304,360.0,1.0,Rural,Y,8.779557455883728,0.5628578031911622
294,Female,No,0,Graduate,No,4.90527477843843,360.0,1.0,Rural,Y,8.59932602095476,0.5704254922403571
295,Female,No,0,Graduate,No,4.6443908991413725,360.0,0.0,Urban,N,8.35772841676521,0.5557001457267913
296,Male,No,0,Graduate,No,6.173786103901937,360.0,1.0,Rural,N,9.915070213779195,0.6226669071210497
297,Male,Yes,2,Not Graduate,No,5.220355825078324,360.0,1.0,Rural,Y,8.944680683558895,0.5836268515067056
298,Female,No,0,Graduate,No,4.430816798843313,360.0,1.0,Semiurban,Y,7.978310969867722,0.5553577462169007
299,Male,No,0,Not Graduate,No,4.709530201312334,360.0,1.0,Semiurban,Y,8.5814816812986,0.5488015212542714
300,Female,No,0,Graduate,No,4.02535169073515,360.0,1.0,Rural,Y,7.826842098158293,0.5143008687606386
301,Male,Yes,2,Graduate,Yes,4.969813299576001,84.0,1.0,Rural,Y,8.656259239539235,0.574129443452359
302,Unknown,Yes,0,Graduate,No,5.0689042022202315,360.0,1.0,Rural,N,8.370084326378025,0.6055977460401156
303,Male,Yes,1,Not Graduate,No,4.709530201312334,180.0,1.0,Urban,Y,8.524962928680598,0.5524399625795469
304,Male,Yes,2,Graduate,No,4.787491742782046,360.0,1.0,Semiurban,Y,8.220672170297252,0.5823722979831386
305,Male,Yes,0,Graduate,No,4.477336814478207,360.0,1.0,Urban,Y,8.340933226000878,0.5367908713764993
306,Female,No,1,Graduate,No,4.718498871295094,360.0,1.0,Semiurban,Y,8.172164452111904,0.5773866763138509
307,Male,Yes,1,Graduate,Yes,5.043425116919247,360.0,1.0,Rural,N,9.210340371976184,0.5475829245425728
308,Male,Yes,0,Graduate,No,4.74493212836325,360.0,1.0,Semiurban,Y,8.426611813185,0.5630889654770761
309,Male,Yes,3+,Graduate,No,4.820281565605037,360.0,1.0,Semiurban,Y,8.418697944667139,0.5725685369978698
310,Female,No,0,Graduate,No,4.882801922586371,360.0,1.0,Rural,Y,8.724369949208368,0.5596738734158593
311,Male,Yes,3+,Graduate,No,5.703782474656201,360.0,1.0,Rural,Y,9.615805480084347,0.5931674144687636
312,Male,Yes,1,Graduate,Yes,5.929589143389895,360.0,0.0,Rural,N,9.521421537856195,0.622763010734737
313,Male,No,0,Graduate,No,4.867534450455582,360.0,0.0,Rural,Y,8.50045386741194,0.5726205360770411
314,Male,Yes,0,Graduate,Yes,5.214935757608986,360.0,1.0,Semiurban,Y,8.984443032465352,0.5804406281797075
315,Female,Yes,0,Graduate,No,4.700480365792417,360.0,1.0,Urban,N,8.822322177471738,0.5327940049384434
316,Female,No,0,Graduate,No,4.204692619390966,360.0,1.0,Urban,Y,7.824046010856292,0.5374064280241609
317,Male,No,1,Graduate,No,4.762173934797756,360.0,1.0,Urban,Y,8.728587995695898,0.5455835396453589
318,Male,No,0,Graduate,No,4.584967478670572,360.0,1.0,Semiurban,Y,7.984462732262196,0.5742361925173063
319,Male,No,0,Graduate,No,4.2626798770413155,360.0,1.0,Urban,Y,7.949091499830517,0.5362474286693266
320,Male,Yes,0,Graduate,No,6.194405391104672,180.0,1.0,Urban,Y,11.05622495553552,0.5602640517913232
321,Unknown,Yes,1,Graduate,Yes,5.204006687076795,180.0,1.0,Urban,Y,9.364433907313582,0.5557203712028431
322,Male,Yes,0,Graduate,Yes,4.248495242049359,360.0,1.0,Semiurban,Y,9.209640126861789,0.4613095825164502
323,Male,Yes,1,Graduate,No,5.075173815233827,360.0,1.0,Rural,Y,8.689127655323706,0.5840832378753625
324,Male,Yes,2,Graduate,Yes,5.170483995038151,360.0,1.0,Rural,Y,8.867850063029406,0.5830594742004273
325,Female,No,0,Graduate,No,4.2626798770413155,360.0,1.0,Semiurban,Y,8.333270353255308,0.5115254511544969
326,Male,Yes,3+,Not Graduate,No,5.153291594497779,360.0,1.0,Rural,N,8.350902451694811,0.6170939756878517
327,Female,No,0,Graduate,No,3.828641396489095,360.0,1.0,Rural,N,7.774015077250727,0.49249214960914256
328,Male,Yes,1,Not Graduate,No,5.062595033026967,360.0,1.0,Urban,Y,8.662677858158219,0.5844145558592122
329,Male,Yes,3+,Not Graduate,No,4.30406509320417,360.0,1.0,Semiurban,Y,8.062432791583195,0.5338419810081907
330,Male,Yes,2,Graduate,No,4.8283137373023015,360.0,1.0,Rural,Y,8.499640032168648,0.5680609671737331
331,Male,Yes,0,Graduate,No,5.075173815233827,360.0,1.0,Semiurban,Y,8.508555998020574,0.5964788639123386
332,Male,Yes,0,Not Graduate,No,5.0238805208462765,360.0,0.0,Rural,N,8.817742129574842,0.5697468180653757
333,Male,Yes,2,Not Graduate,No,4.836281906951478,360.0,1.0,Urban,Y,8.566173813637858,0.5645790071702526
334,Male,Yes,0,Graduate,No,5.556828061699537,360.0,1.0,Semiurban,Y,9.29798488182823,0.5976378895345029
335,Male,Yes,0,Graduate,No,5.231108616854587,360.0,1.0,Rural,Y,9.090993614343617,0.5754165978734196
336,Male,Yes,0,Graduate,No,5.429345628954441,360.0,1.0,Semiurban,Y,9.114159813502214,0.5957044576847459
337,Male,No,0,Graduate,No,5.730099782973574,360.0,1.0,Rural,N,9.466299552232016,0.6053157045534757
338,Male,Yes,3+,Graduate,No,4.553876891600541,360.0,1.0,Rural,Y,8.465689348549121,0.5379215683576908
339,Female,Yes,0,Graduate,Yes,4.653960350157523,360.0,0.0,Rural,N,8.612503371220562,0.540372543215384
340,Female,Yes,0,Graduate,No,4.867534450455582,360.0,1.0,Semiurban,Y,7.982074875081202,0.6098081672537636
341,Female,No,0,Graduate,No,4.7535901911063645,180.0,1.0,Urban,Y,8.246171559857563,0.5764602587516956
342,Male,Yes,2,Graduate,No,5.10594547390058,360.0,1.0,Rural,Y,9.350102314351341,0.5460844493715898
343,Male,Yes,1,Graduate,No,4.204692619390966,360.0,1.0,Urban,N,8.262300941787448,0.5089009283267927
344,Male,Yes,0,Not Graduate,No,4.605170185988092,480.0,0.0,Urban,N,8.448057452581375,0.5451158697531043
345,Male,Yes,3+,Graduate,No,5.298317366548036,360.0,1.0,Semiurban,Y,9.0280988119824,0.5868696695605424
346,Female,No,1,Graduate,No,4.394449154672439,360.0,1.0,Semiurban,N,8.460199469896118,0.5194261873268099
347,Male,Yes,2,Graduate,No,5.4638318050256105,360.0,1.0,Semiurban,Y,9.067277989134345,0.6025878782555385
348,Male,Yes,0,Graduate,No,4.867534450455582,360.0,1.0,Urban,Y,8.865452825753623,0.5490452147368805
349,Male,Yes,0,Graduate,No,4.553876891600541,300.0,1.0,Urban,Y,8.707152175339404,0.5230041694341964
350,Male,No,0,Graduate,Yes,4.948759890378168,360.0,1.0,Rural,Y,8.82790796297859,0.5605812737436409
351,Male,No,0,Not Graduate,No,4.890349128221754,360.0,1.0,Rural,N,8.734881892047483,0.5598643677911759
352,Male,No,0,Graduate,No,4.564348191467836,480.0,1.0,Semiurban,N,7.824046010856292,0.5833744056635854
353,Male,No,0,Graduate,No,4.820281565605037,360.0,0.0,Rural,N,8.541690663016626,0.5643240613331556
354,Male,Yes,1,Graduate,No,5.1647859739235145,360.0,1.0,Semiurban,Y,8.752265313595721,0.5901084792185818
355,Male,Yes,0,Graduate,No,6.345636360828596,360.0,1.0,Rural,N,10.126471091048971,0.6266384709711614
356,Female,No,0,Graduate,Yes,4.007333185232471,360.0,1.0,Semiurban,Y,9.665166909622071,0.41461603536748093
357,Male,Yes,2,Graduate,No,5.043425116919247,360.0,1.0,Semiurban,Y,8.553525120663627,0.5896311808023253
358,Male,Yes,2,Graduate,Yes,5.940171252720432,300.0,1.0,Rural,Y,9.752432077616172,0.6090963982568349
359,Male,No,1,Graduate,No,4.709530201312334,180.0,0.0,Urban,N,8.526945482858915,0.5523115177386266
360,Female,No,0,Graduate,No,4.700480365792417,360.0,1.0,Urban,Y,8.348301054933943,0.5630463413887522
361,Male,Yes,0,Graduate,No,4.787491742782046,180.0,1.0,Urban,Y,8.655214489313613,0.5531338072202656
362,Male,Yes,3+,Graduate,No,4.867534450455582,360.0,1.0,Rural,Y,9.52850315168155,0.5108393598627903
363,Male,Yes,0,Graduate,No,4.867534450455582,360.0,1.0,Semiurban,Y,8.368693183097793,0.5816361460456594
364,Male,No,0,Graduate,No,4.2626798770413155,480.0,1.0,Urban,N,8.029107054619736,0.530903355509338
365,Male,Yes,2,Graduate,No,4.867534450455582,360.0,1.0,Urban,Y,8.592486175451668,0.56648731822949
366,Male,Yes,0,Graduate,No,4.852030263919617,360.0,1.0,Semiurban,Y,8.671286726753637,0.5595513580411985
367,Male,No,0,Graduate,No,5.69035945432406,360.0,1.0,Semiurban,Y,9.227492430793749,0.6166745187819759
368,Female,No,0,Graduate,No,5.049856007249537,360.0,1.0,Urban,Y,8.699514748210191,0.5804755958702728
369,Male,No,0,Graduate,Yes,4.852030263919617,360.0,1.0,Urban,Y,8.877242435993919,0.5465695342786221
370,Male,Yes,2,Graduate,No,4.605170185988092,360.0,1.0,Urban,N,8.42639282708974,0.5465173865598905
371,Male,No,1,Graduate,No,4.727387818712341,180.0,1.0,Urban,Y,8.207129168071326,0.5760099203877007
372,Male,No,0,Not Graduate,No,4.882801922586371,360.0,1.0,Semiurban,Y,8.28045768658256,0.5896777820021153
373,Male,Yes,0,Graduate,No,4.912654885736052,360.0,1.0,Urban,Y,8.465899897028686,0.5802873817891785
374,Male,Yes,0,Graduate,No,4.8283137373023015,360.0,1.0,Rural,Y,8.610319169405722,0.5607589733094119
375,Male,No,3+,Graduate,No,5.220355825078324,360.0,1.0,Rural,Y,9.123365357961776,0.5721962916373425
376,Male,Yes,3+,Graduate,No,5.616771097666572,360.0,1.0,Rural,Y,9.159468041602427,0.6132202298381436
377,Male,Yes,0,Graduate,No,4.787491742782046,360.0,1.0,Urban,Y,8.454892165218858,0.5662392434141849
378,Male,Yes,2,Not Graduate,No,4.727387818712341,180.0,1.0,Semiurban,Y,8.193676665955241,0.5769556221756535
379,Male,Yes,2,Graduate,No,4.727387818712341,360.0,1.0,Urban,Y,8.411832675758411,0.5619926121849682
380,Male,Yes,2,Graduate,No,4.90527477843843,360.0,1.0,Semiurban,Y,8.23217423638394,0.5958662484035466
381,Female,No,0,Graduate,No,4.2626798770413155,360.0,0.0,Urban,N,8.064636475774222,0.5285644169884408
382,Male,Yes,0,Graduate,No,4.553876891600541,360.0,1.0,Urban,Y,8.410053315858335,0.5414801453176958
383,Male,No,0,Not Graduate,No,4.6913478822291435,360.0,1.0,Rural,Y,8.624791202014256,0.5439375600343246
384,Female,No,0,Graduate,No,4.634728988229636,360.0,0.0,Semiurban,N,8.101677747454572,0.5720702714552921
385,Male,Yes,2,Not Graduate,No,3.8066624897703196,180.0,0.0,Urban,N,7.968665700466235,0.4777038757627387
386,Male,No,0,Not Graduate,No,4.174387269895637,300.0,1.0,Rural,N,7.9211727215870145,0.5269910676886862
387,Male,No,0,Graduate,No,4.634728988229636,360.0,1.0,Semiurban,Y,10.021270588192511,0.4624891571823708
388,Female,No,0,Not Graduate,No,3.970291913552122,360.0,1.0,Semiurban,Y,7.5822291942764615,0.5236312187119252
389,Female,No,0,Graduate,Yes,5.267858159063328,360.0,1.0,Rural,N,8.914760527397261,0.5909141521944307
390,Female,No,0,Graduate,No,4.74493212836325,360.0,1.0,Semiurban,Y,8.42222295382501,0.563382393743009
391,Male,Yes,0,Not Graduate,No,4.74493212836325,360.0,1.0,Urban,Y,8.426611813185,0.5630889654770761
392,Female,No,0,Not Graduate,No,4.189654742026425,360.0,1.0,Rural,Y,7.70210434005105,0.5439623454904606
393,Male,Yes,1,Graduate,No,5.0238805208462765,300.0,0.0,Semiurban,N,9.02401079378469,0.5567236825898398
394,Male,Yes,3+,Graduate,No,5.886104031450156,360.0,0.0,Rural,N,11.302204433654575,0.5207925644950381
395,Female,No,1,Not Graduate,Yes,4.127134385045092,360.0,1.0,Semiurban,N,8.260234291607297,0.49963890119175103
396,Male,Yes,0,Graduate,No,5.075173815233827,360.0,1.0,Urban,Y,8.741296282225147,0.5805973909789398
397,Male,Yes,0,Not Graduate,No,5.384495062789089,360.0,0.0,Rural,N,8.715388097366482,0.6178147206566871
398,Male,Yes,0,Not Graduate,No,4.700480365792417,360.0,1.0,Rural,Y,8.363109176033522,0.5620493846071938
399,Female,Yes,0,Not Graduate,No,5.181783550292085,360.0,0.0,Semiurban,N,8.591558273371545,0.6031249961200137
400,Female,No,0,Graduate,No,4.0943445622221,360.0,1.0,Urban,Y,8.00469951054955,0.5114925996692423
401,Female,No,1,Graduate,No,5.075173815233827,360.0,1.0,Urban,N,7.8632667240095735,0.6454281653371075
402,Male,Yes,2,Graduate,Yes,5.476463551931511,360.0,1.0,Urban,N,9.980448593672257,0.5487191783547349
403,Male,Yes,0,Graduate,No,4.718498871295094,360.0,1.0,Rural,Y,8.242229891372231,0.5724784352635329
404,Male,Yes,0,Graduate,No,4.927253685157205,360.0,1.0,Semiurban,Y,8.44741429680832,0.5832854305510818
405,Male,Yes,0,Graduate,No,4.927253685157205,360.0,1.0,Rural,Y,8.67060073804555,0.5682713152200642
406,Female,No,0,Not Graduate,No,4.382026634673881,360.0,0.0,Urban,N,7.908387159290043,0.5540986482340183
407,Male,Yes,0,Graduate,No,4.605170185988092,360.0,1.0,Urban,Y,8.171599480345463,0.5635579909495764
408,Male,Yes,1,Graduate,No,4.700480365792417,360.0,0.0,Urban,N,9.095714846134879,0.5167796534199655
409,Male,Yes,0,Graduate,No,4.564348191467836,360.0,1.0,Semiurban,Y,9.607773308387083,0.47506826451487977
410,Male,Yes,0,Graduate,No,4.795790545596741,360.0,1.0,Rural,Y,8.848796450925947,0.5419709417199787
411,Female,No,1,Not Graduate,No,4.394449154672439,360.0,1.0,Rural,N,8.43511508038063,0.5209708596499838
412,Male,Yes,2,Graduate,No,4.890349128221754,360.0,1.0,Semiurban,Y,8.688622307043769,0.5628451733086847
413,Male,Yes,0,Graduate,No,4.465908118654584,360.0,1.0,Rural,Y,7.984844261119869,0.5592980868017886
414,Male,No,0,Not Graduate,No,4.0943445622221,180.0,1.0,Urban,Y,7.907283609426348,0.5177940699308159
415,Female,No,1,Graduate,Yes,5.0106352940962555,360.0,1.0,Semiurban,Y,9.06230429314878,0.5529096278398378
416,Male,No,0,Graduate,No,4.653960350157523,360.0,0.0,Rural,N,8.779557455883728,0.5300905397046652
417,Male,No,0,Graduate,No,6.003887067106539,360.0,1.0,Semiurban,Y,9.463120392418698,0.6344510920432233
418,Male,Yes,0,Graduate,No,4.962844630259907,360.0,1.0,Semiurban,Y,8.469052816088302,0.5859976006799958
419,Male,No,0,Graduate,No,4.605170185988092,360.0,1.0,Urban,Y,8.229511118964457,0.5595921944106412
420,Male,No,0,Graduate,No,3.912023005428146,360.0,1.0,Semiurban,Y,8.236685322712457,0.47495113047973786
421,Male,No,0,Graduate,Yes,5.231108616854587,360.0,0.0,Urban,N,9.251098364448351,0.5654581121910405
422,Female,Yes,0,Not Graduate,Yes,4.927253685157205,360.0,1.0,Rural,Y,8.873748128154395,0.5552618368245256
423,Male,No,0,Graduate,No,5.231108616854587,360.0,1.0,Semiurban,Y,9.07383312732152,0.5765048291557842
424,Male,Yes,0,Graduate,No,5.19295685089021,360.0,1.0,Rural,Y,9.1833801903934,0.5654733598335052
425,Male,No,3+,Not Graduate,No,4.997212273764115,360.0,1.0,Semiurban,Y,8.809862805379057,0.5672292956381746
426,Male,No,1,Graduate,No,5.0238805208462765,360.0,1.0,Semiurban,Y,10.537919225261291,0.47674312295003457
427,Male,Yes,0,Graduate,No,5.1647859739235145,300.0,1.0,Rural,Y,9.659248037927183,0.5346985555856837
428,Male,Yes,1,Graduate,Yes,4.867534450455582,360.0,1.0,Rural,Y,8.450198322591959,0.5760260605294938
429,Male,Yes,2,Not Graduate,No,4.700480365792417,360.0,1.0,Rural,Y,8.445052513638554,0.5565957533361995
430,Male,Yes,0,Graduate,No,4.007333185232471,360.0,1.0,Rural,N,8.500047032581268,0.471448354329345
431,Male,Yes,2,Graduate,No,5.0106352940962555,360.0,0.0,Rural,N,8.527143522269405,0.5876100573434151
432,Male,No,1,Not Graduate,Yes,5.247024072160486,360.0,1.0,Semiurban,N,8.368925174747135,0.6269651075377219
433,Male,Yes,2,Not Graduate,No,4.8283137373023015,360.0,0.0,Rural,N,8.1786387885907,0.5903566427261536
434,Male,Yes,2,Not Graduate,No,4.0943445622221,300.0,1.0,Urban,Y,8.135639903354386,0.5032602980048282
435,Male,Yes,0,Graduate,No,5.003946305945459,360.0,0.0,Rural,N,8.644882552557126,0.5788333474195446
436,Male,Yes,0,Graduate,No,4.499809670330265,180.0,0.0,Rural,Y,8.506940814951886,0.5289574440698299
437,Male,No,0,Graduate,Yes,4.430816798843313,360.0,1.0,Semiurban,Y,8.865735152124781,0.4997686850346995
438,Male,Yes,2,Graduate,No,4.564348191467836,360.0,1.0,Semiurban,Y,8.258163361537619,0.5527074231452335
439,Male,Yes,0,Graduate,No,4.770684624465665,360.0,1.0,Urban,Y,8.366602832783736,0.5702056999493501
440,Male,Yes,0,Graduate,No,5.153291594497779,360.0,1.0,Urban,N,8.744647438317532,0.589308103139407
441,Male,No,2,Graduate,No,4.912654885736052,360.0,1.0,Rural,Y,8.378850241794492,0.5863161106796334
442,Male,Yes,0,Graduate,No,5.075173815233827,360.0,1.0,Semiurban,N,9.0280988119824,0.5621531089688433
443,Unknown,Yes,0,Graduate,Yes,5.075173815233827,360.0,1.0,Semiurban,Y,8.726805608446096,0.5815614605098918
444,Male,Yes,3+,Graduate,No,4.852030263919617,180.0,1.0,Urban,Y,8.954156966583772,0.5418746043906782
445,Male,Yes,0,Graduate,No,5.030437921392435,360.0,1.0,Rural,Y,8.556990661290303,0.5878746536616997
446,Female,No,1,Not Graduate,No,4.882801922586371,360.0,1.0,Semiurban,Y,8.55468163582723,0.5707754105234109
447,Male,No,0,Graduate,No,4.584967478670572,360.0,0.0,Semiurban,N,8.334711621820917,0.5501051130151611
448,Male,No,0,Graduate,No,4.941642422609304,360.0,1.0,Rural,Y,8.699514748210191,0.5680365590076137
449,Male,Yes,3+,Not Graduate,No,4.248495242049359,180.0,0.0,Urban,N,8.436200032206706,0.5036029522569364
450,Unknown,Yes,0,Graduate,No,4.700480365792417,360.0,1.0,Semiurban,Y,9.722684841711443,0.4834549758958361
451,Female,Yes,2,Not Graduate,No,4.584967478670572,360.0,1.0,Semiurban,Y,8.047829357457841,0.569714798242054
452,Male,Yes,0,Graduate,No,4.700480365792417,360.0,1.0,Urban,N,8.822322177471738,0.5327940049384434
453,Male,Yes,1,Graduate,Yes,5.087596335232384,360.0,1.0,Semiurban,Y,8.617762246337932,0.5903616495563367
454,Male,Yes,1,Not Graduate,No,4.727387818712341,180.0,0.0,Rural,N,8.331586243630754,0.5674054952412316
455,Male,Yes,3+,Graduate,No,4.605170185988092,360.0,1.0,Semiurban,Y,8.453401058328458,0.5447712884095316
456,Female,No,0,Graduate,Yes,4.532599493153256,360.0,1.0,Urban,Y,7.824046010856292,0.5793165693126071
457,Male,No,2,Graduate,No,5.087596335232384,360.0,1.0,Rural,Y,9.228180290104513,0.551310895029638
458,Male,Yes,2,Graduate,Yes,5.0106352940962555,360.0,1.0,Rural,Y,9.772182251758139,0.5127447651925218
459,Male,Yes,2,Graduate,No,5.438079308923196,300.0,1.0,Semiurban,Y,9.041921720351219,0.6014295939637887
460,Unknown,Yes,2,Graduate,No,4.882801922586371,360.0,0.0,Semiurban,N,8.464846711044029,0.576832881830667
461,Male,Yes,1,Graduate,Yes,4.454347296253507,360.0,1.0,Semiurban,Y,9.847816267665664,0.4523182780002627
462,Female,No,0,Not Graduate,No,5.0369526024136295,360.0,1.0,Rural,Y,8.37793112408273,0.6012167595809768
463,Male,Yes,3+,Not Graduate,No,4.727387818712341,360.0,1.0,Rural,Y,8.037543185118697,0.5881632869438235
464,Male,Yes,0,Graduate,No,4.852030263919617,360.0,1.0,Semiurban,Y,8.562740006372207,0.566644585764468
465,Male,Yes,0,Graduate,No,5.455321115357702,360.0,1.0,Semiurban,Y,9.290352309945568,0.5872028243232107
466,Male,Yes,2,Graduate,No,5.5053315359323625,360.0,1.0,Semiurban,Y,9.027978814382207,0.6098077597570323
467,Male,Yes,1,Not Graduate,No,4.875197323201151,360.0,1.0,Rural,Y,8.387995252944556,0.5812112639774971
468,Male,No,2,Graduate,No,4.382026634673881,360.0,0.0,Rural,N,8.173857454773621,0.5361026490760161
469,Male,Yes,1,Graduate,No,6.214608098422191,360.0,1.0,Urban,N,9.816457993563025,0.633080496294826
470,Male,Yes,2,Graduate,Yes,5.075173815233827,360.0,1.0,Semiurban,Y,8.804775258867686,0.5764115114832024
471,Male,No,0,Graduate,No,4.31748811353631,360.0,1.0,Urban,N,7.79770203551669,0.5536872393778541
472,Male,No,0,Not Graduate,No,4.564348191467836,360.0,1.0,Semiurban,Y,8.609590040682205,0.530146983758842
473,Male,Yes,1,Not Graduate,No,5.225746673713202,360.0,1.0,Urban,Y,8.774003600200931,0.5955943160991555
474,Male,No,0,Not Graduate,No,4.700480365792417,360.0,1.0,Rural,Y,8.213652703029998,0.5722764932657086
475,Female,No,0,Not Graduate,Yes,5.41610040220442,360.0,1.0,Semiurban,Y,9.756320761816548,0.5551375907403013
476,Male,Yes,0,Graduate,No,4.77912349311153,360.0,0.0,Rural,N,8.657650544111494,0.5520115958436383
477,Female,Yes,1,Graduate,No,4.653960350157523,84.0,1.0,Semiurban,Y,8.352082671352637,0.5572215378231888
478,Male,Yes,0,Not Graduate,No,4.672828834461906,360.0,1.0,Rural,Y,8.366370301681654,0.5585252225236385
479,Male,Yes,0,Graduate,No,4.709530201312334,12.0,1.0,Urban,Y,8.920255414908091,0.5279591202558473
480,Male,Yes,1,Graduate,Yes,4.553876891600541,360.0,1.0,Semiurban,Y,7.970740390007095,0.5713242018658303
481,Male,No,0,Graduate,No,5.342334251964811,360.0,0.0,Rural,N,9.277905558138606,0.5758125277831159
482,Female,No,0,Graduate,No,4.727387818712341,480.0,1.0,Rural,Y,8.372860820526318,0.5646084319379833
483,Female,No,0,Graduate,No,4.605170185988092,360.0,1.0,Semiurban,Y,8.058010800802085,0.5715021113560307
484,Male,Yes,2,Graduate,No,5.337538079701318,360.0,1.0,Semiurban,Y,9.258082367961604,0.5765273916953181
485,Male,Yes,1,Not Graduate,No,4.927253685157205,360.0,1.0,Rural,N,9.143345503151904,0.5388895873461936
486,Male,Yes,0,Not Graduate,No,4.820281565605037,300.0,1.0,Semiurban,Y,8.574895901544526,0.5621387852343256
487,Male,Yes,2,Graduate,No,5.493061443340548,360.0,1.0,Rural,Y,8.97790377375038,0.6118423166219688
488,Male,Yes,0,Graduate,No,6.173786103901937,360.0,1.0,Urban,Y,10.221941283654663,0.6039739353398649
489,Unknown,No,0,Graduate,No,4.564348191467836,360.0,1.0,Urban,N,8.183955717304954,0.5577190724305281
490,Male,Yes,0,Graduate,Yes,5.236441962829949,360.0,1.0,Urban,Y,8.61104776688786,0.6081074109199216
491,Female,No,1,Graduate,No,3.6888794541139363,360.0,1.0,Urban,Y,9.492658081928813,0.38860342617169175
492,Male,No,0,Not Graduate,No,4.605170185988092,360.0,1.0,Rural,N,8.493924564476883,0.5421722492389137
493,Male,Yes,1,Graduate,No,5.521460917862246,360.0,1.0,Semiurban,Y,8.995784837848506,0.6137831236949413
494,Male,Yes,2,Graduate,No,4.997212273764115,360.0,1.0,Urban,Y,8.578852571802965,0.5825035728191656
495,Male,Yes,0,Graduate,No,4.248495242049359,180.0,1.0,Semiurban,N,9.082052351674651,0.46779021718213
496,Male,No,0,Graduate,No,5.739792912179234,360.0,1.0,Rural,N,9.15704507491796,0.6268171517361083
497,Male,Yes,3+,Graduate,No,5.0106352940962555,360.0,1.0,Rural,Y,8.83840674707681,0.5669161238538223
498,Female,Yes,2,Graduate,No,4.727387818712341,480.0,1.0,Semiurban,Y,8.206037762778815,0.5760865298664557
499,Male,Yes,0,Not Graduate,No,4.812184355372417,360.0,0.0,Semiurban,N,8.491670234185152,0.5666946811005299
500,Male,No,0,Graduate,No,5.220355825078324,360.0,1.0,Semiurban,N,8.794521851788527,0.5935917737263532
501,Female,No,0,Not Graduate,No,4.553876891600541,360.0,1.0,Rural,N,8.131530710604252,0.5600270175038351
502,Male,Yes,2,Not Graduate,No,3.8066624897703196,360.0,1.0,Semiurban,Y,8.277411998949004,0.45988558866631957
503,Male,No,0,Graduate,No,4.007333185232471,360.0,1.0,Semiurban,Y,7.824046010856292,0.512181699810057
504,Male,Yes,3+,Graduate,Yes,4.605170185988092,360.0,1.0,Rural,Y,8.867990898182093,0.5193025386316235
505,Male,Yes,2,Graduate,Yes,6.173786103901937,360.0,1.0,Rural,Y,9.623376745580666,0.641540518169687
506,Male,Yes,2,Graduate,Yes,5.991464547107982,360.0,1.0,Rural,Y,9.769956159911606,0.6132539848737857
507,Male,Yes,0,Graduate,No,4.700480365792417,360.0,1.0,Semiurban,Y,8.236155661683124,0.5707129101093065
508,Male,Yes,1,Not Graduate,No,5.081404364984463,360.0,0.0,Semiurban,Y,8.812099108957337,0.5766394932870544
509,Male,No,1,Not Graduate,No,4.543294782270004,360.0,1.0,Semiurban,Y,8.289288323000317,0.5480922613903666
510,Male,No,0,Not Graduate,No,4.867534450455582,360.0,1.0,Semiurban,Y,8.82217476094608,0.5517386112099182
511,Male,Yes,0,Graduate,No,5.375278407684165,360.0,1.0,Rural,Y,8.783396232190894,0.6119817739730248
512,Male,Yes,3+,Graduate,No,4.605170185988092,360.0,1.0,Urban,Y,8.361941906144946,0.5507297512559717
513,Male,No,2,Graduate,No,4.700480365792417,360.0,0.0,Rural,N,8.185350223178686,0.5742552533038763
514,Male,No,1,Graduate,No,5.278114659230517,360.0,1.0,Semiurban,N,9.328123407632566,0.56582813376073
515,Female,No,0,Not Graduate,Yes,4.8283137373023015,360.0,1.0,Urban,Y,9.807251944655302,0.49232076065238717
516,Male,No,0,Not Graduate,No,4.836281906951478,360.0,1.0,Rural,Y,8.432070937999402,0.5735580194370301
517,Male,Yes,0,Graduate,No,5.780743515792329,360.0,1.0,Urban,Y,9.214232786691527,0.6273711170116822
518,Male,No,2,Graduate,No,4.672828834461906,360.0,1.0,Semiurban,Y,8.193400231952097,0.5703161937871786
519,Male,Yes,0,Not Graduate,No,4.189654742026425,360.0,1.0,Rural,N,8.146998697389993,0.5142574459191507
520,Male,Yes,3+,Graduate,No,5.056245805348308,180.0,1.0,Rural,Y,8.766705997750515,0.5767554890794456
521,Female,Yes,1,Graduate,No,4.941642422609304,180.0,1.0,Semiurban,Y,8.916371914881694,0.5542212090055995
522,Female,No,0,Graduate,No,4.59511985013459,360.0,0.0,Semiurban,N,7.6676260915849905,0.599288462328335
523,Female,No,1,Graduate,No,4.553876891600541,360.0,1.0,Semiurban,Y,8.20303024171486,0.555145690971943
524,Male,Yes,1,Not Graduate,No,4.852030263919617,360.0,1.0,Urban,Y,8.46863300080086,0.5729413783146313
525,Female,Yes,0,Not Graduate,No,4.624972813284271,360.0,1.0,Semiurban,Y,8.210668031162976,0.5632882483776633
526,Male,Yes,0,Graduate,No,5.043425116919247,360.0,1.0,Rural,Y,8.45914025996762,0.5962101303352253
527,Male,No,0,Not Graduate,No,4.382026634673881,36.0,1.0,Semiurban,N,8.119100837637486,0.539718217854894
528,Male,No,0,Graduate,No,4.976733742420574,360.0,1.0,Rural,Y,8.368461137615839,0.5947011834768988
529,Female,No,0,Graduate,No,4.634728988229636,360.0,0.0,Semiurban,N,8.517193191416238,0.544161542901315
530,Male,Yes,0,Graduate,No,4.700480365792417,360.0,1.0,Rural,Y,8.476579508530941,0.5545256032886604
531,Male,Yes,1,Graduate,No,5.062595033026967,360.0,1.0,Urban,Y,8.792245847467877,0.5758022604071028
532,Male,Yes,0,Not Graduate,No,5.198497031265826,360.0,0.0,Urban,N,8.473659189392508,0.6134890388055028
533,Male,Yes,0,Graduate,No,4.882801922586371,180.0,0.0,Rural,N,8.969414650866176,0.5443835648867944
534,Male,Yes,1,Graduate,No,3.258096538021482,360.0,1.0,Semiurban,Y,8.779557455883728,0.37110031506633956
535,Female,No,0,Graduate,No,4.430816798843313,360.0,1.0,Urban,Y,8.36450810375059,0.5297163615463012
536,Male,Yes,3+,Graduate,Yes,5.560681631015528,360.0,1.0,Semiurban,Y,9.22414465295258,0.6028398122784854
537,Male,Yes,0,Graduate,No,5.087596335232384,360.0,1.0,Semiurban,Y,8.78813593986372,0.5789164357545519
538,Female,Yes,0,Graduate,No,5.204006687076795,360.0,1.0,Semiurban,Y,8.777401286867264,0.5928869510458663
539,Male,Yes,2,Not Graduate,No,4.68213122712422,360.0,1.0,Semiurban,Y,8.27308133366583,0.5659476848210256
540,Female,Yes,1,Graduate,Yes,6.396929655216146,360.0,1.0,Semiurban,Y,9.877348894926433,0.6476362962638662
541,Male,Yes,0,Graduate,No,5.351858133476067,360.0,1.0,Rural,Y,8.984317679911129,0.5956888796845178
542,Male,No,0,Not Graduate,Yes,4.882801922586371,360.0,1.0,Semiurban,Y,8.66561319653451,0.563468713851556
543,Male,Yes,2,Graduate,No,5.552959584921617,360.0,0.0,Urban,N,9.08239335764556,0.6113982698455946
544,Male,Yes,0,Not Graduate,No,4.787491742782046,360.0,1.0,Rural,Y,8.404472321352118,0.5696362079293313
545,Male,No,0,Graduate,No,4.248495242049359,360.0,1.0,Urban,Y,8.11162807830774,0.5237537028368893
546,Male,Yes,3+,Graduate,No,4.812184355372417,360.0,0.0,Rural,N,8.68270762989381,0.5542262345451415
547,Female,No,0,Graduate,No,2.1972245773362196,360.0,1.0,Urban,N,7.774015077250727,0.2826370357533788
548,Male,Yes,0,Graduate,No,4.6443908991413725,360.0,0.0,Urban,N,8.56216655705897,0.5424317394657971
549,Male,Yes,1,Graduate,No,5.225746673713202,360.0,1.0,Urban,Y,8.550047528287184,0.6111950438198401
550,Male,Yes,0,Graduate,No,5.10594547390058,360.0,0.0,Urban,N,8.789812386190972,0.5808935674124462
551,Male,Yes,2,Graduate,No,5.616771097666572,360.0,1.0,Urban,Y,9.721125994942152,0.5777901758077147
552,Male,Yes,2,Not Graduate,No,5.231108616854587,480.0,1.0,Semiurban,N,8.955448122347393,0.5841258355124516
553,Male,Yes,3+,Graduate,No,5.0106352940962555,360.0,1.0,Semiurban,N,8.764990330169104,0.5716646687959991
554,Male,Yes,2,Graduate,No,4.68213122712422,84.0,1.0,Urban,Y,8.194229304819817,0.5713937275797502
555,Unknown,Yes,0,Graduate,No,4.912654885736052,360.0,0.0,Semiurban,N,8.574895901544526,0.5729113148593648
556,Male,No,0,Graduate,No,4.700480365792417,360.0,1.0,Urban,Y,8.694167141883597,0.540647573146846
557,Male,Yes,1,Graduate,No,4.672828834461906,360.0,1.0,Rural,Y,8.297543529356284,0.5631580982889305
558,Male,No,0,Graduate,No,5.081404364984463,360.0,1.0,Urban,Y,8.715880102296456,0.5830053081668273
559,Male,Yes,2,Graduate,No,5.3230099791384085,360.0,1.0,Semiurban,Y,8.785692444451245,0.6058725607337014
560,Male,No,0,Graduate,No,4.499809670330265,360.0,1.0,Urban,N,10.482149379105689,0.42928310860555374
561,Female,Yes,0,Graduate,No,3.58351893845611,360.0,1.0,Semiurban,Y,8.060224240440958,0.44459295815572286
562,Male,Yes,1,Graduate,No,4.110873864173311,360.0,1.0,Rural,N,7.539027055823995,0.5452790968560868
563,Male,Yes,1,Graduate,No,4.983606621708336,360.0,0.0,Rural,N,8.456168489578463,0.5893457099217245
564,Male,Yes,1,Graduate,No,5.147494476813453,84.0,1.0,Rural,N,8.893298144217916,0.5788060169960858
565,Male,Yes,0,Graduate,No,4.6443908991413725,360.0,1.0,Urban,Y,8.247743887225516,0.5631104654370777
566,Female,No,0,Not Graduate,No,4.248495242049359,360.0,1.0,Semiurban,Y,7.68017564043659,0.5531768335714582
567,Unknown,No,0,Graduate,No,4.543294782270004,360.0,1.0,Semiurban,Y,8.465899897028686,0.5366582215157758
568,Male,Yes,2,Graduate,Yes,4.663439094112067,360.0,0.0,Semiurban,N,7.9105906122564775,0.5895184471923812
569,Male,Yes,0,Graduate,No,4.02535169073515,180.0,1.0,Semiurban,Y,8.766550149546351,0.4591716949162097
570,Male,Yes,2,Graduate,Yes,5.3230099791384085,240.0,1.0,Semiurban,N,8.699514748210191,0.6118743554327035
571,Unknown,No,3+,Graduate,Yes,5.676753802268282,360.0,1.0,Semiurban,Y,9.143880005275912,0.6208254919129363
572,Male,Yes,0,Graduate,No,4.955827057601261,180.0,1.0,Rural,Y,8.876125585396185,0.558332237407168
573,Male,Yes,0,Graduate,Yes,5.560681631015528,360.0,1.0,Urban,Y,9.68781601606062,0.5739871217410548
574,Male,No,0,Not Graduate,No,4.700480365792417,360.0,1.0,Rural,Y,8.251403065380556,0.5696583149008525
575,Male,Yes,2,Not Graduate,Yes,5.231108616854587,360.0,1.0,Rural,N,8.906935339059165,0.5873073529471862
576,Male,No,0,Graduate,No,4.477336814478207,360.0,0.0,Semiurban,N,8.00202481821611,0.5595254846355674
577,Male,Yes,0,Graduate,Yes,5.19295685089021,360.0,1.0,Rural,Y,9.206633510044856,0.5640451360667782
578,Male,Yes,2,Graduate,No,5.2574953720277815,360.0,1.0,Urban,Y,8.662158961666423,0.606949767984441
579,Female,No,3+,Graduate,No,5.857933154483459,180.0,1.0,Urban,N,10.647399137646048,0.550175031362499
580,Male,Yes,0,Not Graduate,No,5.043425116919247,360.0,1.0,Rural,Y,8.645762292210945,0.5833407103342316
581,Male,Yes,3+,Graduate,No,4.852030263919617,360.0,1.0,Urban,Y,8.648747631156539,0.5610095785938417
582,Male,No,0,Graduate,No,5.147494476813453,360.0,1.0,Rural,Y,8.984317679911129,0.5729421710368963
583,Female,Yes,1,Graduate,No,6.206575926724928,360.0,1.0,Semiurban,Y,9.392661928770137,0.6607898776505425
584,Male,Yes,1,Graduate,No,5.153291594497779,360.0,1.0,Semiurban,Y,8.68270762989381,0.593512048794024
585,Male,Yes,2,Not Graduate,No,5.056245805348308,360.0,1.0,Rural,Y,8.59378379357795,0.5883608346217403
586,Male,Yes,0,Graduate,No,4.68213122712422,360.0,1.0,Rural,Y,8.552946361122055,0.5474290413426578
587,Female,No,0,Graduate,No,4.2626798770413155,360.0,1.0,Rural,Y,7.9724660159745655,0.5346752019387867
588,Male,Yes,3+,Graduate,No,3.6888794541139363,180.0,1.0,Rural,Y,8.32020459757888,0.44336403159934
589,Male,Yes,1,Graduate,No,5.53338948872752,360.0,1.0,Urban,Y,9.025455532779063,0.6130870036012147
590,Male,Yes,2,Graduate,No,5.231108616854587,360.0,1.0,Urban,Y,8.933664178700935,0.5855501742864095
591,Female,No,0,Graduate,Yes,4.890349128221754,360.0,0.0,Semiurban,N,8.430109084509125,0.5801050827691054
